trip_id,feedback_text,timestamp
T00000,"Great driver, very professional and courteous.",2024-01-01 00:00:00
T00001,"Great driver, very professional and courteous.",2024-01-01 00:30:00
T00002,"Excellent service, driver was very helpful.",2024-01-01 01:00:00
T00003,"Smooth ride, arrived on time. Would recommend!",2024-01-01 01:30:00
T00004,"Smooth ride, arrived on time. Would recommend!",2024-01-01 02:00:00
T00005,"Smooth ride, arrived on time. Would recommend!",2024-01-01 02:30:00
T00006,"Great driver, very professional and courteous.",2024-01-01 03:00:00
T00007,"Great driver, very professional and courteous.",2024-01-01 03:30:00
T00008,"Safe driving, comfortable journey. Thank you!",2024-01-01 04:00:00
T00009,"Great driver, very professional and courteous.",2024-01-01 04:30:00
T00010,"Great driver, very professional and courteous.",2024-01-01 05:00:00
T00011,"Great driver, very professional and courteous.",2024-01-01 05:30:00
T00012,"Smooth ride, arrived on time. Would recommend!",2024-01-01 06:00:00
T00013,"Smooth ride, arrived on time. Would recommend!",2024-01-01 06:30:00
T00014,"Great driver, very professional and courteous.",2024-01-01 07:00:00
T00015,"Smooth ride, arrived on time. Would recommend!",2024-01-01 07:30:00
T00016,"Safe driving, comfortable journey. Thank you!",2024-01-01 08:00:00
T00017,"Smooth ride, arrived on time. Would recommend!",2024-01-01 08:30:00
T00018,"Safe driving, comfortable journey. Thank you!",2024-01-01 09:00:00
T00019,"Excellent service, driver was very helpful.",2024-01-01 09:30:00
T00020,"Great driver, very professional and courteous.",2024-01-01 10:00:00
T00021,"Smooth ride, arrived on time. Would recommend!",2024-01-01 10:30:00
T00022,"Safe driving, comfortable journey. Thank you!",2024-01-01 11:00:00
T00023,"Excellent service, driver was very helpful.",2024-01-01 11:30:00
T00024,"Excellent service, driver was very helpful.",2024-01-01 12:00:00
T00025,"Smooth ride, arrived on time. Would recommend!",2024-01-01 12:30:00
T00026,"Smooth ride, arrived on time. Would recommend!",2024-01-01 13:00:00
T00027,"Excellent service, driver was very helpful.",2024-01-01 13:30:00
T00028,"Great driver, very professional and courteous.",2024-01-01 14:00:00
T00029,"Great driver, very professional and courteous.",2024-01-01 14:30:00
T00030,"Safe driving, comfortable journey. Thank you!",2024-01-01 15:00:00
T00031,"Great driver, very professional and courteous.",2024-01-01 15:30:00
T00032,"Excellent service, driver was very helpful.",2024-01-01 16:00:00
T00033,"Excellent service, driver was very helpful.",2024-01-01 16:30:00
T00034,"Excellent service, driver was very helpful.",2024-01-01 17:00:00
T00035,"Great driver, very professional and courteous.",2024-01-01 17:30:00
T00036,"Safe driving, comfortable journey. Thank you!",2024-01-01 18:00:00
T00037,"Great driver, very professional and courteous.",2024-01-01 18:30:00
T00038,"Safe driving, comfortable journey. Thank you!",2024-01-01 19:00:00
T00039,"Great driver, very professional and courteous.",2024-01-01 19:30:00
T00040,"Excellent service, driver was very helpful.",2024-01-01 20:00:00
T00041,"Excellent service, driver was very helpful.",2024-01-01 20:30:00
T00042,"Smooth ride, arrived on time. Would recommend!",2024-01-01 21:00:00
T00043,"Great driver, very professional and courteous.",2024-01-01 21:30:00
T00044,"Great driver, very professional and courteous.",2024-01-01 22:00:00
T00045,"Smooth ride, arrived on time. Would recommend!",2024-01-01 22:30:00
T00046,"Excellent service, driver was very helpful.",2024-01-01 23:00:00
T00047,"Great driver, very professional and courteous.",2024-01-01 23:30:00
T00048,"Smooth ride, arrived on time. Would recommend!",2024-01-02 00:00:00
T00049,"Great driver, very professional and courteous.",2024-01-02 00:30:00
T00050,"Safe driving, comfortable journey. Thank you!",2024-01-02 01:00:00
T00051,"Excellent service, driver was very helpful.",2024-01-02 01:30:00
T00052,"Safe driving, comfortable journey. Thank you!",2024-01-02 02:00:00
T00053,"Excellent service, driver was very helpful.",2024-01-02 02:30:00
T00054,"Smooth ride, arrived on time. Would recommend!",2024-01-02 03:00:00
T00055,"Excellent service, driver was very helpful.",2024-01-02 03:30:00
T00056,"Excellent service, driver was very helpful.",2024-01-02 04:00:00
T00057,"Smooth ride, arrived on time. Would recommend!",2024-01-02 04:30:00
T00058,"Excellent service, driver was very helpful.",2024-01-02 05:00:00
T00059,"Great driver, very professional and courteous.",2024-01-02 05:30:00
T00060,"Smooth ride, arrived on time. Would recommend!",2024-01-02 06:00:00
T00061,"Smooth ride, arrived on time. Would recommend!",2024-01-02 06:30:00
T00062,"Smooth ride, arrived on time. Would recommend!",2024-01-02 07:00:00
T00063,"Safe driving, comfortable journey. Thank you!",2024-01-02 07:30:00
T00064,"Safe driving, comfortable journey. Thank you!",2024-01-02 08:00:00
T00065,"Excellent service, driver was very helpful.",2024-01-02 08:30:00
T00066,"Smooth ride, arrived on time. Would recommend!",2024-01-02 09:00:00
T00067,"Excellent service, driver was very helpful.",2024-01-02 09:30:00
T00068,"Great driver, very professional and courteous.",2024-01-02 10:00:00
T00069,"Ride was okay, nothing special.",2024-01-02 10:30:00
T00070,"Great driver, very professional and courteous.",2024-01-02 11:00:00
T00071,"Excellent service, driver was very helpful.",2024-01-02 11:30:00
T00072,"Safe driving, comfortable journey. Thank you!",2024-01-02 12:00:00
T00073,"Excellent service, driver was very helpful.",2024-01-02 12:30:00
T00074,"Great driver, very professional and courteous.",2024-01-02 13:00:00
T00075,"Smooth ride, arrived on time. Would recommend!",2024-01-02 13:30:00
T00076,"Excellent service, driver was very helpful.",2024-01-02 14:00:00
T00077,"Smooth ride, arrived on time. Would recommend!",2024-01-02 14:30:00
T00078,"Safe driving, comfortable journey. Thank you!",2024-01-02 15:00:00
T00079,"Safe driving, comfortable journey. Thank you!",2024-01-02 15:30:00
T00080,"Safe driving, comfortable journey. Thank you!",2024-01-02 16:00:00
T00081,"Smooth ride, arrived on time. Would recommend!",2024-01-02 16:30:00
T00082,"Excellent service, driver was very helpful.",2024-01-02 17:00:00
T00083,"Smooth ride, arrived on time. Would recommend!",2024-01-02 17:30:00
T00084,"Smooth ride, arrived on time. Would recommend!",2024-01-02 18:00:00
T00085,"Excellent service, driver was very helpful.",2024-01-02 18:30:00
T00086,"Safe driving, comfortable journey. Thank you!",2024-01-02 19:00:00
T00087,"Safe driving, comfortable journey. Thank you!",2024-01-02 19:30:00
T00088,"Excellent service, driver was very helpful.",2024-01-02 20:00:00
T00089,"Smooth ride, arrived on time. Would recommend!",2024-01-02 20:30:00
T00090,"Smooth ride, arrived on time. Would recommend!",2024-01-02 21:00:00
T00091,"Safe driving, comfortable journey. Thank you!",2024-01-02 21:30:00
T00092,"Great driver, very professional and courteous.",2024-01-02 22:00:00
T00093,"Great driver, very professional and courteous.",2024-01-02 22:30:00
T00094,"Great driver, very professional and courteous.",2024-01-02 23:00:00
T00095,"Smooth ride, arrived on time. Would recommend!",2024-01-02 23:30:00
T00096,"Smooth ride, arrived on time. Would recommend!",2024-01-03 00:00:00
T00097,"Safe driving, comfortable journey. Thank you!",2024-01-03 00:30:00
T00098,"Great driver, very professional and courteous.",2024-01-03 01:00:00
T00099,"Safe driving, comfortable journey. Thank you!",2024-01-03 01:30:00
T00100,"Safe driving, comfortable journey. Thank you!",2024-01-03 02:00:00
T00101,"Safe driving, comfortable journey. Thank you!",2024-01-03 02:30:00
T00102,"Excellent service, driver was very helpful.",2024-01-03 03:00:00
T00103,"Great driver, very professional and courteous.",2024-01-03 03:30:00
T00104,"Great driver, very professional and courteous.",2024-01-03 04:00:00
T00105,"Excellent service, driver was very helpful.",2024-01-03 04:30:00
T00106,"Excellent service, driver was very helpful.",2024-01-03 05:00:00
T00107,"Great driver, very professional and courteous.",2024-01-03 05:30:00
T00108,"Excellent service, driver was very helpful.",2024-01-03 06:00:00
T00109,"Safe driving, comfortable journey. Thank you!",2024-01-03 06:30:00
T00110,"Smooth ride, arrived on time. Would recommend!",2024-01-03 07:00:00
T00111,"Safe driving, comfortable journey. Thank you!",2024-01-03 07:30:00
T00112,"Great driver, very professional and courteous.",2024-01-03 08:00:00
T00113,"Excellent service, driver was very helpful.",2024-01-03 08:30:00
T00114,"Smooth ride, arrived on time. Would recommend!",2024-01-03 09:00:00
T00115,"Great driver, very professional and courteous.",2024-01-03 09:30:00
T00116,"Excellent service, driver was very helpful.",2024-01-03 10:00:00
T00117,"Smooth ride, arrived on time. Would recommend!",2024-01-03 10:30:00
T00118,"Smooth ride, arrived on time. Would recommend!",2024-01-03 11:00:00
T00119,"Excellent service, driver was very helpful.",2024-01-03 11:30:00
T00120,"Smooth ride, arrived on time. Would recommend!",2024-01-03 12:00:00
T00121,"Great driver, very professional and courteous.",2024-01-03 12:30:00
T00122,"Excellent service, driver was very helpful.",2024-01-03 13:00:00
T00123,"Safe driving, comfortable journey. Thank you!",2024-01-03 13:30:00
T00124,"Great driver, very professional and courteous.",2024-01-03 14:00:00
T00125,"Great driver, very professional and courteous.",2024-01-03 14:30:00
T00126,"Excellent service, driver was very helpful.",2024-01-03 15:00:00
T00127,"Excellent service, driver was very helpful.",2024-01-03 15:30:00
T00128,"Smooth ride, arrived on time. Would recommend!",2024-01-03 16:00:00
T00129,"Great driver, very professional and courteous.",2024-01-03 16:30:00
T00130,"Smooth ride, arrived on time. Would recommend!",2024-01-03 17:00:00
T00131,"Great driver, very professional and courteous.",2024-01-03 17:30:00
T00132,"Great driver, very professional and courteous.",2024-01-03 18:00:00
T00133,"Safe driving, comfortable journey. Thank you!",2024-01-03 18:30:00
T00134,"Great driver, very professional and courteous.",2024-01-03 19:00:00
T00135,"Smooth ride, arrived on time. Would recommend!",2024-01-03 19:30:00
T00136,"Smooth ride, arrived on time. Would recommend!",2024-01-03 20:00:00
T00137,"Safe driving, comfortable journey. Thank you!",2024-01-03 20:30:00
T00138,"Smooth ride, arrived on time. Would recommend!",2024-01-03 21:00:00
T00139,"Excellent service, driver was very helpful.",2024-01-03 21:30:00
T00140,"Safe driving, comfortable journey. Thank you!",2024-01-03 22:00:00
T00141,"Smooth ride, arrived on time. Would recommend!",2024-01-03 22:30:00
T00142,"Smooth ride, arrived on time. Would recommend!",2024-01-03 23:00:00
T00143,"Excellent service, driver was very helpful.",2024-01-03 23:30:00
T00144,"Safe driving, comfortable journey. Thank you!",2024-01-04 00:00:00
T00145,"Excellent service, driver was very helpful.",2024-01-04 00:30:00
T00146,"Safe driving, comfortable journey. Thank you!",2024-01-04 01:00:00
T00147,"Safe driving, comfortable journey. Thank you!",2024-01-04 01:30:00
T00148,"Great driver, very professional and courteous.",2024-01-04 02:00:00
T00149,"Smooth ride, arrived on time. Would recommend!",2024-01-04 02:30:00
T00150,"Smooth ride, arrived on time. Would recommend!",2024-01-04 03:00:00
T00151,"Great driver, very professional and courteous.",2024-01-04 03:30:00
T00152,"Excellent service, driver was very helpful.",2024-01-04 04:00:00
T00153,"Great driver, very professional and courteous.",2024-01-04 04:30:00
T00154,"Smooth ride, arrived on time. Would recommend!",2024-01-04 05:00:00
T00155,"Smooth ride, arrived on time. Would recommend!",2024-01-04 05:30:00
T00156,"Great driver, very professional and courteous.",2024-01-04 06:00:00
T00157,"Ride was okay, nothing special.",2024-01-04 06:30:00
T00158,"Great driver, very professional and courteous.",2024-01-04 07:00:00
T00159,"Ride was okay, nothing special.",2024-01-04 07:30:00
T00160,"Great driver, very professional and courteous.",2024-01-04 08:00:00
T00161,"Great driver, very professional and courteous.",2024-01-04 08:30:00
T00162,"Excellent service, driver was very helpful.",2024-01-04 09:00:00
T00163,"Great driver, very professional and courteous.",2024-01-04 09:30:00
T00164,"Smooth ride, arrived on time. Would recommend!",2024-01-04 10:00:00
T00165,"Excellent service, driver was very helpful.",2024-01-04 10:30:00
T00166,"Safe driving, comfortable journey. Thank you!",2024-01-04 11:00:00
T00167,"Smooth ride, arrived on time. Would recommend!",2024-01-04 11:30:00
T00168,"Smooth ride, arrived on time. Would recommend!",2024-01-04 12:00:00
T00169,"Safe driving, comfortable journey. Thank you!",2024-01-04 12:30:00
T00170,"Smooth ride, arrived on time. Would recommend!",2024-01-04 13:00:00
T00171,"Safe driving, comfortable journey. Thank you!",2024-01-04 13:30:00
T00172,"Safe driving, comfortable journey. Thank you!",2024-01-04 14:00:00
T00173,"Smooth ride, arrived on time. Would recommend!",2024-01-04 14:30:00
T00174,"Great driver, very professional and courteous.",2024-01-04 15:00:00
T00175,"Great driver, very professional and courteous.",2024-01-04 15:30:00
T00176,"Safe driving, comfortable journey. Thank you!",2024-01-04 16:00:00
T00177,"Excellent service, driver was very helpful.",2024-01-04 16:30:00
T00178,"Safe driving, comfortable journey. Thank you!",2024-01-04 17:00:00
T00179,"Safe driving, comfortable journey. Thank you!",2024-01-04 17:30:00
T00180,"Safe driving, comfortable journey. Thank you!",2024-01-04 18:00:00
T00181,"Great driver, very professional and courteous.",2024-01-04 18:30:00
T00182,"Great driver, very professional and courteous.",2024-01-04 19:00:00
T00183,"Great driver, very professional and courteous.",2024-01-04 19:30:00
T00184,"Safe driving, comfortable journey. Thank you!",2024-01-04 20:00:00
T00185,"Excellent service, driver was very helpful.",2024-01-04 20:30:00
T00186,"Great driver, very professional and courteous.",2024-01-04 21:00:00
T00187,"Smooth ride, arrived on time. Would recommend!",2024-01-04 21:30:00
T00188,"Smooth ride, arrived on time. Would recommend!",2024-01-04 22:00:00
T00189,"Smooth ride, arrived on time. Would recommend!",2024-01-04 22:30:00
T00190,"Safe driving, comfortable journey. Thank you!",2024-01-04 23:00:00
T00191,"Smooth ride, arrived on time. Would recommend!",2024-01-04 23:30:00
T00192,"Safe driving, comfortable journey. Thank you!",2024-01-05 00:00:00
T00193,"Smooth ride, arrived on time. Would recommend!",2024-01-05 00:30:00
T00194,"Excellent service, driver was very helpful.",2024-01-05 01:00:00
T00195,"Safe driving, comfortable journey. Thank you!",2024-01-05 01:30:00
T00196,"Smooth ride, arrived on time. Would recommend!",2024-01-05 02:00:00
T00197,"Great driver, very professional and courteous.",2024-01-05 02:30:00
T00198,"Safe driving, comfortable journey. Thank you!",2024-01-05 03:00:00
T00199,"Great driver, very professional and courteous.",2024-01-05 03:30:00
T00200,"Great driver, very professional and courteous.",2024-01-05 04:00:00
T00201,"Great driver, very professional and courteous.",2024-01-05 04:30:00
T00202,"Great driver, very professional and courteous.",2024-01-05 05:00:00
T00203,"Smooth ride, arrived on time. Would recommend!",2024-01-05 05:30:00
T00204,"Smooth ride, arrived on time. Would recommend!",2024-01-05 06:00:00
T00205,"Safe driving, comfortable journey. Thank you!",2024-01-05 06:30:00
T00206,"Safe driving, comfortable journey. Thank you!",2024-01-05 07:00:00
T00207,"Safe driving, comfortable journey. Thank you!",2024-01-05 07:30:00
T00208,"Smooth ride, arrived on time. Would recommend!",2024-01-05 08:00:00
T00209,"Safe driving, comfortable journey. Thank you!",2024-01-05 08:30:00
T00210,"Great driver, very professional and courteous.",2024-01-05 09:00:00
T00211,"Smooth ride, arrived on time. Would recommend!",2024-01-05 09:30:00
T00212,"Safe driving, comfortable journey. Thank you!",2024-01-05 10:00:00
T00213,"Great driver, very professional and courteous.",2024-01-05 10:30:00
T00214,"Safe driving, comfortable journey. Thank you!",2024-01-05 11:00:00
T00215,"Excellent service, driver was very helpful.",2024-01-05 11:30:00
T00216,"Safe driving, comfortable journey. Thank you!",2024-01-05 12:00:00
T00217,"Excellent service, driver was very helpful.",2024-01-05 12:30:00
T00218,"Safe driving, comfortable journey. Thank you!",2024-01-05 13:00:00
T00219,"Safe driving, comfortable journey. Thank you!",2024-01-05 13:30:00
T00220,"Smooth ride, arrived on time. Would recommend!",2024-01-05 14:00:00
T00221,"Smooth ride, arrived on time. Would recommend!",2024-01-05 14:30:00
T00222,"Excellent service, driver was very helpful.",2024-01-05 15:00:00
T00223,"Smooth ride, arrived on time. Would recommend!",2024-01-05 15:30:00
T00224,"Great driver, very professional and courteous.",2024-01-05 16:00:00
T00225,"Great driver, very professional and courteous.",2024-01-05 16:30:00
T00226,"Excellent service, driver was very helpful.",2024-01-05 17:00:00
T00227,"Great driver, very professional and courteous.",2024-01-05 17:30:00
T00228,"Great driver, very professional and courteous.",2024-01-05 18:00:00
T00229,"Safe driving, comfortable journey. Thank you!",2024-01-05 18:30:00
T00230,"Smooth ride, arrived on time. Would recommend!",2024-01-05 19:00:00
T00231,"Great driver, very professional and courteous.",2024-01-05 19:30:00
T00232,"Great driver, very professional and courteous.",2024-01-05 20:00:00
T00233,"Smooth ride, arrived on time. Would recommend!",2024-01-05 20:30:00
T00234,"Great driver, very professional and courteous.",2024-01-05 21:00:00
T00235,"Great driver, very professional and courteous.",2024-01-05 21:30:00
T00236,"Smooth ride, arrived on time. Would recommend!",2024-01-05 22:00:00
T00237,"Safe driving, comfortable journey. Thank you!",2024-01-05 22:30:00
T00238,"Great driver, very professional and courteous.",2024-01-05 23:00:00
T00239,"Smooth ride, arrived on time. Would recommend!",2024-01-05 23:30:00
T00240,"Great driver, very professional and courteous.",2024-01-06 00:00:00
T00241,"Great driver, very professional and courteous.",2024-01-06 00:30:00
T00242,"Safe driving, comfortable journey. Thank you!",2024-01-06 01:00:00
T00243,"Excellent service, driver was very helpful.",2024-01-06 01:30:00
T00244,"Excellent service, driver was very helpful.",2024-01-06 02:00:00
T00245,"Smooth ride, arrived on time. Would recommend!",2024-01-06 02:30:00
T00246,"Excellent service, driver was very helpful.",2024-01-06 03:00:00
T00247,"Smooth ride, arrived on time. Would recommend!",2024-01-06 03:30:00
T00248,"Excellent service, driver was very helpful.",2024-01-06 04:00:00
T00249,"Safe driving, comfortable journey. Thank you!",2024-01-06 04:30:00
T00250,"Smooth ride, arrived on time. Would recommend!",2024-01-06 05:00:00
T00251,"Excellent service, driver was very helpful.",2024-01-06 05:30:00
T00252,"Safe driving, comfortable journey. Thank you!",2024-01-06 06:00:00
T00253,"Excellent service, driver was very helpful.",2024-01-06 06:30:00
T00254,"Great driver, very professional and courteous.",2024-01-06 07:00:00
T00255,"Great driver, very professional and courteous.",2024-01-06 07:30:00
T00256,"Safe driving, comfortable journey. Thank you!",2024-01-06 08:00:00
T00257,"Great driver, very professional and courteous.",2024-01-06 08:30:00
T00258,"Great driver, very professional and courteous.",2024-01-06 09:00:00
T00259,"Smooth ride, arrived on time. Would recommend!",2024-01-06 09:30:00
T00260,"Excellent service, driver was very helpful.",2024-01-06 10:00:00
T00261,"Smooth ride, arrived on time. Would recommend!",2024-01-06 10:30:00
T00262,"Excellent service, driver was very helpful.",2024-01-06 11:00:00
T00263,"Great driver, very professional and courteous.",2024-01-06 11:30:00
T00264,"Smooth ride, arrived on time. Would recommend!",2024-01-06 12:00:00
T00265,"Excellent service, driver was very helpful.",2024-01-06 12:30:00
T00266,"Excellent service, driver was very helpful.",2024-01-06 13:00:00
T00267,"Smooth ride, arrived on time. Would recommend!",2024-01-06 13:30:00
T00268,"Safe driving, comfortable journey. Thank you!",2024-01-06 14:00:00
T00269,"Excellent service, driver was very helpful.",2024-01-06 14:30:00
T00270,Driver was quiet but professional.,2024-01-06 15:00:00
T00271,"Great driver, very professional and courteous.",2024-01-06 15:30:00
T00272,"Excellent service, driver was very helpful.",2024-01-06 16:00:00
T00273,"Great driver, very professional and courteous.",2024-01-06 16:30:00
T00274,"Smooth ride, arrived on time. Would recommend!",2024-01-06 17:00:00
T00275,"Excellent service, driver was very helpful.",2024-01-06 17:30:00
T00276,"Great driver, very professional and courteous.",2024-01-06 18:00:00
T00277,"Ride was okay, nothing special.",2024-01-06 18:30:00
T00278,"Smooth ride, arrived on time. Would recommend!",2024-01-06 19:00:00
T00279,"Excellent service, driver was very helpful.",2024-01-06 19:30:00
T00280,"Excellent service, driver was very helpful.",2024-01-06 20:00:00
T00281,"Smooth ride, arrived on time. Would recommend!",2024-01-06 20:30:00
T00282,"Excellent service, driver was very helpful.",2024-01-06 21:00:00
T00283,"Smooth ride, arrived on time. Would recommend!",2024-01-06 21:30:00
T00284,"Excellent service, driver was very helpful.",2024-01-06 22:00:00
T00285,"Safe driving, comfortable journey. Thank you!",2024-01-06 22:30:00
T00286,"Excellent service, driver was very helpful.",2024-01-06 23:00:00
T00287,"Great driver, very professional and courteous.",2024-01-06 23:30:00
T00288,"Great driver, very professional and courteous.",2024-01-07 00:00:00
T00289,"Safe driving, comfortable journey. Thank you!",2024-01-07 00:30:00
T00290,"Excellent service, driver was very helpful.",2024-01-07 01:00:00
T00291,"Great driver, very professional and courteous.",2024-01-07 01:30:00
T00292,"Great driver, very professional and courteous.",2024-01-07 02:00:00
T00293,"Average experience, got to destination fine.",2024-01-07 02:30:00
T00294,"Smooth ride, arrived on time. Would recommend!",2024-01-07 03:00:00
T00295,"Excellent service, driver was very helpful.",2024-01-07 03:30:00
T00296,"Smooth ride, arrived on time. Would recommend!",2024-01-07 04:00:00
T00297,"Safe driving, comfortable journey. Thank you!",2024-01-07 04:30:00
T00298,"Safe driving, comfortable journey. Thank you!",2024-01-07 05:00:00
T00299,"Great driver, very professional and courteous.",2024-01-07 05:30:00
T00300,"Great driver, very professional and courteous.",2024-01-07 06:00:00
T00301,"Great driver, very professional and courteous.",2024-01-07 06:30:00
T00302,"Smooth ride, arrived on time. Would recommend!",2024-01-07 07:00:00
T00303,"Great driver, very professional and courteous.",2024-01-07 07:30:00
T00304,"Excellent service, driver was very helpful.",2024-01-07 08:00:00
T00305,"Smooth ride, arrived on time. Would recommend!",2024-01-07 08:30:00
T00306,"Safe driving, comfortable journey. Thank you!",2024-01-07 09:00:00
T00307,"Smooth ride, arrived on time. Would recommend!",2024-01-07 09:30:00
T00308,"Great driver, very professional and courteous.",2024-01-07 10:00:00
T00309,"Excellent service, driver was very helpful.",2024-01-07 10:30:00
T00310,"Average experience, got to destination fine.",2024-01-07 11:00:00
T00311,"Great driver, very professional and courteous.",2024-01-07 11:30:00
T00312,"Excellent service, driver was very helpful.",2024-01-07 12:00:00
T00313,"Smooth ride, arrived on time. Would recommend!",2024-01-07 12:30:00
T00314,"Smooth ride, arrived on time. Would recommend!",2024-01-07 13:00:00
T00315,"Great driver, very professional and courteous.",2024-01-07 13:30:00
T00316,"Excellent service, driver was very helpful.",2024-01-07 14:00:00
T00317,"Safe driving, comfortable journey. Thank you!",2024-01-07 14:30:00
T00318,"Smooth ride, arrived on time. Would recommend!",2024-01-07 15:00:00
T00319,"Smooth ride, arrived on time. Would recommend!",2024-01-07 15:30:00
T00320,"Smooth ride, arrived on time. Would recommend!",2024-01-07 16:00:00
T00321,"Smooth ride, arrived on time. Would recommend!",2024-01-07 16:30:00
T00322,"Safe driving, comfortable journey. Thank you!",2024-01-07 17:00:00
T00323,"Great driver, very professional and courteous.",2024-01-07 17:30:00
T00324,"Smooth ride, arrived on time. Would recommend!",2024-01-07 18:00:00
T00325,"Excellent service, driver was very helpful.",2024-01-07 18:30:00
T00326,"Safe driving, comfortable journey. Thank you!",2024-01-07 19:00:00
T00327,"Smooth ride, arrived on time. Would recommend!",2024-01-07 19:30:00
T00328,"Excellent service, driver was very helpful.",2024-01-07 20:00:00
T00329,"Smooth ride, arrived on time. Would recommend!",2024-01-07 20:30:00
T00330,Driver was quiet but professional.,2024-01-07 21:00:00
T00331,"Great driver, very professional and courteous.",2024-01-07 21:30:00
T00332,"Safe driving, comfortable journey. Thank you!",2024-01-07 22:00:00
T00333,"Great driver, very professional and courteous.",2024-01-07 22:30:00
T00334,"Safe driving, comfortable journey. Thank you!",2024-01-07 23:00:00
T00335,"Smooth ride, arrived on time. Would recommend!",2024-01-07 23:30:00
T00336,"Smooth ride, arrived on time. Would recommend!",2024-01-08 00:00:00
T00337,"Safe driving, comfortable journey. Thank you!",2024-01-08 00:30:00
T00338,"Excellent service, driver was very helpful.",2024-01-08 01:00:00
T00339,"Excellent service, driver was very helpful.",2024-01-08 01:30:00
T00340,"Smooth ride, arrived on time. Would recommend!",2024-01-08 02:00:00
T00341,"Smooth ride, arrived on time. Would recommend!",2024-01-08 02:30:00
T00342,"Great driver, very professional and courteous.",2024-01-08 03:00:00
T00343,"Smooth ride, arrived on time. Would recommend!",2024-01-08 03:30:00
T00344,"Safe driving, comfortable journey. Thank you!",2024-01-08 04:00:00
T00345,"Excellent service, driver was very helpful.",2024-01-08 04:30:00
T00346,"Excellent service, driver was very helpful.",2024-01-08 05:00:00
T00347,"Great driver, very professional and courteous.",2024-01-08 05:30:00
T00348,"Excellent service, driver was very helpful.",2024-01-08 06:00:00
T00349,"Excellent service, driver was very helpful.",2024-01-08 06:30:00
T00350,"Safe driving, comfortable journey. Thank you!",2024-01-08 07:00:00
T00351,"Excellent service, driver was very helpful.",2024-01-08 07:30:00
T00352,"Great driver, very professional and courteous.",2024-01-08 08:00:00
T00353,"Great driver, very professional and courteous.",2024-01-08 08:30:00
T00354,"Excellent service, driver was very helpful.",2024-01-08 09:00:00
T00355,"Smooth ride, arrived on time. Would recommend!",2024-01-08 09:30:00
T00356,"Excellent service, driver was very helpful.",2024-01-08 10:00:00
T00357,"Great driver, very professional and courteous.",2024-01-08 10:30:00
T00358,"Great driver, very professional and courteous.",2024-01-08 11:00:00
T00359,"Safe driving, comfortable journey. Thank you!",2024-01-08 11:30:00
T00360,"Excellent service, driver was very helpful.",2024-01-08 12:00:00
T00361,"Excellent service, driver was very helpful.",2024-01-08 12:30:00
T00362,"Safe driving, comfortable journey. Thank you!",2024-01-08 13:00:00
T00363,"Great driver, very professional and courteous.",2024-01-08 13:30:00
T00364,"Safe driving, comfortable journey. Thank you!",2024-01-08 14:00:00
T00365,Driver was quiet but professional.,2024-01-08 14:30:00
T00366,"Smooth ride, arrived on time. Would recommend!",2024-01-08 15:00:00
T00367,"Excellent service, driver was very helpful.",2024-01-08 15:30:00
T00368,"Great driver, very professional and courteous.",2024-01-08 16:00:00
T00369,"Safe driving, comfortable journey. Thank you!",2024-01-08 16:30:00
T00370,"Great driver, very professional and courteous.",2024-01-08 17:00:00
T00371,"Smooth ride, arrived on time. Would recommend!",2024-01-08 17:30:00
T00372,"Excellent service, driver was very helpful.",2024-01-08 18:00:00
T00373,"Safe driving, comfortable journey. Thank you!",2024-01-08 18:30:00
T00374,"Great driver, very professional and courteous.",2024-01-08 19:00:00
T00375,"Excellent service, driver was very helpful.",2024-01-08 19:30:00
T00376,"Excellent service, driver was very helpful.",2024-01-08 20:00:00
T00377,"Great driver, very professional and courteous.",2024-01-08 20:30:00
T00378,"Excellent service, driver was very helpful.",2024-01-08 21:00:00
T00379,"Excellent service, driver was very helpful.",2024-01-08 21:30:00
T00380,"Safe driving, comfortable journey. Thank you!",2024-01-08 22:00:00
T00381,"Excellent service, driver was very helpful.",2024-01-08 22:30:00
T00382,"Safe driving, comfortable journey. Thank you!",2024-01-08 23:00:00
T00383,"Excellent service, driver was very helpful.",2024-01-08 23:30:00
T00384,"Smooth ride, arrived on time. Would recommend!",2024-01-09 00:00:00
T00385,"Smooth ride, arrived on time. Would recommend!",2024-01-09 00:30:00
T00386,"Safe driving, comfortable journey. Thank you!",2024-01-09 01:00:00
T00387,"Safe driving, comfortable journey. Thank you!",2024-01-09 01:30:00
T00388,"Smooth ride, arrived on time. Would recommend!",2024-01-09 02:00:00
T00389,"Excellent service, driver was very helpful.",2024-01-09 02:30:00
T00390,"Safe driving, comfortable journey. Thank you!",2024-01-09 03:00:00
T00391,"Great driver, very professional and courteous.",2024-01-09 03:30:00
T00392,"Excellent service, driver was very helpful.",2024-01-09 04:00:00
T00393,"Excellent service, driver was very helpful.",2024-01-09 04:30:00
T00394,"Smooth ride, arrived on time. Would recommend!",2024-01-09 05:00:00
T00395,"Safe driving, comfortable journey. Thank you!",2024-01-09 05:30:00
T00396,"Excellent service, driver was very helpful.",2024-01-09 06:00:00
T00397,"Safe driving, comfortable journey. Thank you!",2024-01-09 06:30:00
T00398,"Safe driving, comfortable journey. Thank you!",2024-01-09 07:00:00
T00399,"Safe driving, comfortable journey. Thank you!",2024-01-09 07:30:00
T00400,"Smooth ride, arrived on time. Would recommend!",2024-01-09 08:00:00
T00401,Driver was quiet but professional.,2024-01-09 08:30:00
T00402,"Safe driving, comfortable journey. Thank you!",2024-01-09 09:00:00
T00403,"Smooth ride, arrived on time. Would recommend!",2024-01-09 09:30:00
T00404,"Great driver, very professional and courteous.",2024-01-09 10:00:00
T00405,"Excellent service, driver was very helpful.",2024-01-09 10:30:00
T00406,"Excellent service, driver was very helpful.",2024-01-09 11:00:00
T00407,"Great driver, very professional and courteous.",2024-01-09 11:30:00
T00408,"Smooth ride, arrived on time. Would recommend!",2024-01-09 12:00:00
T00409,"Excellent service, driver was very helpful.",2024-01-09 12:30:00
T00410,"Smooth ride, arrived on time. Would recommend!",2024-01-09 13:00:00
T00411,"Smooth ride, arrived on time. Would recommend!",2024-01-09 13:30:00
T00412,"Smooth ride, arrived on time. Would recommend!",2024-01-09 14:00:00
T00413,"Great driver, very professional and courteous.",2024-01-09 14:30:00
T00414,"Great driver, very professional and courteous.",2024-01-09 15:00:00
T00415,"Smooth ride, arrived on time. Would recommend!",2024-01-09 15:30:00
T00416,"Safe driving, comfortable journey. Thank you!",2024-01-09 16:00:00
T00417,"Great driver, very professional and courteous.",2024-01-09 16:30:00
T00418,"Safe driving, comfortable journey. Thank you!",2024-01-09 17:00:00
T00419,"Safe driving, comfortable journey. Thank you!",2024-01-09 17:30:00
T00420,"Smooth ride, arrived on time. Would recommend!",2024-01-09 18:00:00
T00421,"Safe driving, comfortable journey. Thank you!",2024-01-09 18:30:00
T00422,"Safe driving, comfortable journey. Thank you!",2024-01-09 19:00:00
T00423,"Safe driving, comfortable journey. Thank you!",2024-01-09 19:30:00
T00424,"Smooth ride, arrived on time. Would recommend!",2024-01-09 20:00:00
T00425,"Smooth ride, arrived on time. Would recommend!",2024-01-09 20:30:00
T00426,"Great driver, very professional and courteous.",2024-01-09 21:00:00
T00427,"Great driver, very professional and courteous.",2024-01-09 21:30:00
T00428,"Safe driving, comfortable journey. Thank you!",2024-01-09 22:00:00
T00429,"Smooth ride, arrived on time. Would recommend!",2024-01-09 22:30:00
T00430,"Smooth ride, arrived on time. Would recommend!",2024-01-09 23:00:00
T00431,"Safe driving, comfortable journey. Thank you!",2024-01-09 23:30:00
T00432,"Ride was okay, nothing special.",2024-01-10 00:00:00
T00433,"Smooth ride, arrived on time. Would recommend!",2024-01-10 00:30:00
T00434,"Great driver, very professional and courteous.",2024-01-10 01:00:00
T00435,"Safe driving, comfortable journey. Thank you!",2024-01-10 01:30:00
T00436,"Smooth ride, arrived on time. Would recommend!",2024-01-10 02:00:00
T00437,"Safe driving, comfortable journey. Thank you!",2024-01-10 02:30:00
T00438,"Excellent service, driver was very helpful.",2024-01-10 03:00:00
T00439,"Safe driving, comfortable journey. Thank you!",2024-01-10 03:30:00
T00440,"Safe driving, comfortable journey. Thank you!",2024-01-10 04:00:00
T00441,"Safe driving, comfortable journey. Thank you!",2024-01-10 04:30:00
T00442,"Smooth ride, arrived on time. Would recommend!",2024-01-10 05:00:00
T00443,"Safe driving, comfortable journey. Thank you!",2024-01-10 05:30:00
T00444,"Safe driving, comfortable journey. Thank you!",2024-01-10 06:00:00
T00445,"Excellent service, driver was very helpful.",2024-01-10 06:30:00
T00446,"Smooth ride, arrived on time. Would recommend!",2024-01-10 07:00:00
T00447,"Excellent service, driver was very helpful.",2024-01-10 07:30:00
T00448,"Safe driving, comfortable journey. Thank you!",2024-01-10 08:00:00
T00449,"Smooth ride, arrived on time. Would recommend!",2024-01-10 08:30:00
T00450,"Excellent service, driver was very helpful.",2024-01-10 09:00:00
T00451,"Safe driving, comfortable journey. Thank you!",2024-01-10 09:30:00
T00452,"Great driver, very professional and courteous.",2024-01-10 10:00:00
T00453,"Excellent service, driver was very helpful.",2024-01-10 10:30:00
T00454,"Smooth ride, arrived on time. Would recommend!",2024-01-10 11:00:00
T00455,"Excellent service, driver was very helpful.",2024-01-10 11:30:00
T00456,"Excellent service, driver was very helpful.",2024-01-10 12:00:00
T00457,"Excellent service, driver was very helpful.",2024-01-10 12:30:00
T00458,"Great driver, very professional and courteous.",2024-01-10 13:00:00
T00459,"Smooth ride, arrived on time. Would recommend!",2024-01-10 13:30:00
T00460,"Smooth ride, arrived on time. Would recommend!",2024-01-10 14:00:00
T00461,"Smooth ride, arrived on time. Would recommend!",2024-01-10 14:30:00
T00462,"Safe driving, comfortable journey. Thank you!",2024-01-10 15:00:00
T00463,"Smooth ride, arrived on time. Would recommend!",2024-01-10 15:30:00
T00464,"Smooth ride, arrived on time. Would recommend!",2024-01-10 16:00:00
T00465,"Great driver, very professional and courteous.",2024-01-10 16:30:00
T00466,"Safe driving, comfortable journey. Thank you!",2024-01-10 17:00:00
T00467,"Safe driving, comfortable journey. Thank you!",2024-01-10 17:30:00
T00468,"Excellent service, driver was very helpful.",2024-01-10 18:00:00
T00469,"Safe driving, comfortable journey. Thank you!",2024-01-10 18:30:00
T00470,"Safe driving, comfortable journey. Thank you!",2024-01-10 19:00:00
T00471,"Great driver, very professional and courteous.",2024-01-10 19:30:00
T00472,"Smooth ride, arrived on time. Would recommend!",2024-01-10 20:00:00
T00473,"Safe driving, comfortable journey. Thank you!",2024-01-10 20:30:00
T00474,"Safe driving, comfortable journey. Thank you!",2024-01-10 21:00:00
T00475,"Great driver, very professional and courteous.",2024-01-10 21:30:00
T00476,"Safe driving, comfortable journey. Thank you!",2024-01-10 22:00:00
T00477,"Safe driving, comfortable journey. Thank you!",2024-01-10 22:30:00
T00478,"Great driver, very professional and courteous.",2024-01-10 23:00:00
T00479,"Excellent service, driver was very helpful.",2024-01-10 23:30:00
T00480,"Excellent service, driver was very helpful.",2024-01-11 00:00:00
T00481,"Safe driving, comfortable journey. Thank you!",2024-01-11 00:30:00
T00482,"Safe driving, comfortable journey. Thank you!",2024-01-11 01:00:00
T00483,"Smooth ride, arrived on time. Would recommend!",2024-01-11 01:30:00
T00484,"Safe driving, comfortable journey. Thank you!",2024-01-11 02:00:00
T00485,"Smooth ride, arrived on time. Would recommend!",2024-01-11 02:30:00
T00486,"Excellent service, driver was very helpful.",2024-01-11 03:00:00
T00487,"Safe driving, comfortable journey. Thank you!",2024-01-11 03:30:00
T00488,"Safe driving, comfortable journey. Thank you!",2024-01-11 04:00:00
T00489,"Great driver, very professional and courteous.",2024-01-11 04:30:00
T00490,"Safe driving, comfortable journey. Thank you!",2024-01-11 05:00:00
T00491,"Excellent service, driver was very helpful.",2024-01-11 05:30:00
T00492,"Safe driving, comfortable journey. Thank you!",2024-01-11 06:00:00
T00493,"Smooth ride, arrived on time. Would recommend!",2024-01-11 06:30:00
T00494,"Safe driving, comfortable journey. Thank you!",2024-01-11 07:00:00
T00495,"Smooth ride, arrived on time. Would recommend!",2024-01-11 07:30:00
T00496,"Great driver, very professional and courteous.",2024-01-11 08:00:00
T00497,"Safe driving, comfortable journey. Thank you!",2024-01-11 08:30:00
T00498,"Great driver, very professional and courteous.",2024-01-11 09:00:00
T00499,"Great driver, very professional and courteous.",2024-01-11 09:30:00
T00500,"Safe driving, comfortable journey. Thank you!",2024-01-11 10:00:00
T00501,"Smooth ride, arrived on time. Would recommend!",2024-01-11 10:30:00
T00502,"Safe driving, comfortable journey. Thank you!",2024-01-11 11:00:00
T00503,"Smooth ride, arrived on time. Would recommend!",2024-01-11 11:30:00
T00504,"Great driver, very professional and courteous.",2024-01-11 12:00:00
T00505,"Excellent service, driver was very helpful.",2024-01-11 12:30:00
T00506,"Safe driving, comfortable journey. Thank you!",2024-01-11 13:00:00
T00507,"Excellent service, driver was very helpful.",2024-01-11 13:30:00
T00508,"Smooth ride, arrived on time. Would recommend!",2024-01-11 14:00:00
T00509,"Safe driving, comfortable journey. Thank you!",2024-01-11 14:30:00
T00510,"Excellent service, driver was very helpful.",2024-01-11 15:00:00
T00511,"Excellent service, driver was very helpful.",2024-01-11 15:30:00
T00512,"Safe driving, comfortable journey. Thank you!",2024-01-11 16:00:00
T00513,"Average experience, got to destination fine.",2024-01-11 16:30:00
T00514,"Safe driving, comfortable journey. Thank you!",2024-01-11 17:00:00
T00515,"Excellent service, driver was very helpful.",2024-01-11 17:30:00
T00516,"Ride was okay, nothing special.",2024-01-11 18:00:00
T00517,"Safe driving, comfortable journey. Thank you!",2024-01-11 18:30:00
T00518,"Ride was okay, nothing special.",2024-01-11 19:00:00
T00519,"Great driver, very professional and courteous.",2024-01-11 19:30:00
T00520,"Excellent service, driver was very helpful.",2024-01-11 20:00:00
T00521,"Smooth ride, arrived on time. Would recommend!",2024-01-11 20:30:00
T00522,"Great driver, very professional and courteous.",2024-01-11 21:00:00
T00523,"Great driver, very professional and courteous.",2024-01-11 21:30:00
T00524,"Great driver, very professional and courteous.",2024-01-11 22:00:00
T00525,"Smooth ride, arrived on time. Would recommend!",2024-01-11 22:30:00
T00526,"Smooth ride, arrived on time. Would recommend!",2024-01-11 23:00:00
T00527,"Great driver, very professional and courteous.",2024-01-11 23:30:00
T00528,"Smooth ride, arrived on time. Would recommend!",2024-01-12 00:00:00
T00529,"Smooth ride, arrived on time. Would recommend!",2024-01-12 00:30:00
T00530,"Smooth ride, arrived on time. Would recommend!",2024-01-12 01:00:00
T00531,"Safe driving, comfortable journey. Thank you!",2024-01-12 01:30:00
T00532,"Great driver, very professional and courteous.",2024-01-12 02:00:00
T00533,"Smooth ride, arrived on time. Would recommend!",2024-01-12 02:30:00
T00534,"Safe driving, comfortable journey. Thank you!",2024-01-12 03:00:00
T00535,"Excellent service, driver was very helpful.",2024-01-12 03:30:00
T00536,"Excellent service, driver was very helpful.",2024-01-12 04:00:00
T00537,"Smooth ride, arrived on time. Would recommend!",2024-01-12 04:30:00
T00538,"Great driver, very professional and courteous.",2024-01-12 05:00:00
T00539,"Smooth ride, arrived on time. Would recommend!",2024-01-12 05:30:00
T00540,"Excellent service, driver was very helpful.",2024-01-12 06:00:00
T00541,"Great driver, very professional and courteous.",2024-01-12 06:30:00
T00542,"Great driver, very professional and courteous.",2024-01-12 07:00:00
T00543,"Excellent service, driver was very helpful.",2024-01-12 07:30:00
T00544,"Safe driving, comfortable journey. Thank you!",2024-01-12 08:00:00
T00545,"Safe driving, comfortable journey. Thank you!",2024-01-12 08:30:00
T00546,"Smooth ride, arrived on time. Would recommend!",2024-01-12 09:00:00
T00547,"Great driver, very professional and courteous.",2024-01-12 09:30:00
T00548,"Smooth ride, arrived on time. Would recommend!",2024-01-12 10:00:00
T00549,"Great driver, very professional and courteous.",2024-01-12 10:30:00
T00550,"Excellent service, driver was very helpful.",2024-01-12 11:00:00
T00551,"Great driver, very professional and courteous.",2024-01-12 11:30:00
T00552,"Great driver, very professional and courteous.",2024-01-12 12:00:00
T00553,"Excellent service, driver was very helpful.",2024-01-12 12:30:00
T00554,"Safe driving, comfortable journey. Thank you!",2024-01-12 13:00:00
T00555,"Excellent service, driver was very helpful.",2024-01-12 13:30:00
T00556,"Great driver, very professional and courteous.",2024-01-12 14:00:00
T00557,"Excellent service, driver was very helpful.",2024-01-12 14:30:00
T00558,"Great driver, very professional and courteous.",2024-01-12 15:00:00
T00559,"Safe driving, comfortable journey. Thank you!",2024-01-12 15:30:00
T00560,"Safe driving, comfortable journey. Thank you!",2024-01-12 16:00:00
T00561,"Great driver, very professional and courteous.",2024-01-12 16:30:00
T00562,"Safe driving, comfortable journey. Thank you!",2024-01-12 17:00:00
T00563,"Excellent service, driver was very helpful.",2024-01-12 17:30:00
T00564,"Safe driving, comfortable journey. Thank you!",2024-01-12 18:00:00
T00565,"Smooth ride, arrived on time. Would recommend!",2024-01-12 18:30:00
T00566,"Safe driving, comfortable journey. Thank you!",2024-01-12 19:00:00
T00567,"Smooth ride, arrived on time. Would recommend!",2024-01-12 19:30:00
T00568,"Excellent service, driver was very helpful.",2024-01-12 20:00:00
T00569,"Safe driving, comfortable journey. Thank you!",2024-01-12 20:30:00
T00570,"Safe driving, comfortable journey. Thank you!",2024-01-12 21:00:00
T00571,"Safe driving, comfortable journey. Thank you!",2024-01-12 21:30:00
T00572,"Excellent service, driver was very helpful.",2024-01-12 22:00:00
T00573,"Excellent service, driver was very helpful.",2024-01-12 22:30:00
T00574,"Smooth ride, arrived on time. Would recommend!",2024-01-12 23:00:00
T00575,"Great driver, very professional and courteous.",2024-01-12 23:30:00
T00576,"Excellent service, driver was very helpful.",2024-01-13 00:00:00
T00577,"Safe driving, comfortable journey. Thank you!",2024-01-13 00:30:00
T00578,"Smooth ride, arrived on time. Would recommend!",2024-01-13 01:00:00
T00579,"Safe driving, comfortable journey. Thank you!",2024-01-13 01:30:00
T00580,"Safe driving, comfortable journey. Thank you!",2024-01-13 02:00:00
T00581,"Excellent service, driver was very helpful.",2024-01-13 02:30:00
T00582,"Great driver, very professional and courteous.",2024-01-13 03:00:00
T00583,"Safe driving, comfortable journey. Thank you!",2024-01-13 03:30:00
T00584,"Excellent service, driver was very helpful.",2024-01-13 04:00:00
T00585,"Smooth ride, arrived on time. Would recommend!",2024-01-13 04:30:00
T00586,"Safe driving, comfortable journey. Thank you!",2024-01-13 05:00:00
T00587,"Smooth ride, arrived on time. Would recommend!",2024-01-13 05:30:00
T00588,"Excellent service, driver was very helpful.",2024-01-13 06:00:00
T00589,"Excellent service, driver was very helpful.",2024-01-13 06:30:00
T00590,"Excellent service, driver was very helpful.",2024-01-13 07:00:00
T00591,"Average experience, got to destination fine.",2024-01-13 07:30:00
T00592,"Excellent service, driver was very helpful.",2024-01-13 08:00:00
T00593,"Great driver, very professional and courteous.",2024-01-13 08:30:00
T00594,"Smooth ride, arrived on time. Would recommend!",2024-01-13 09:00:00
T00595,"Great driver, very professional and courteous.",2024-01-13 09:30:00
T00596,"Smooth ride, arrived on time. Would recommend!",2024-01-13 10:00:00
T00597,"Safe driving, comfortable journey. Thank you!",2024-01-13 10:30:00
T00598,"Safe driving, comfortable journey. Thank you!",2024-01-13 11:00:00
T00599,"Smooth ride, arrived on time. Would recommend!",2024-01-13 11:30:00
T00600,"Safe driving, comfortable journey. Thank you!",2024-01-13 12:00:00
T00601,"Safe driving, comfortable journey. Thank you!",2024-01-13 12:30:00
T00602,"Safe driving, comfortable journey. Thank you!",2024-01-13 13:00:00
T00603,"Great driver, very professional and courteous.",2024-01-13 13:30:00
T00604,"Great driver, very professional and courteous.",2024-01-13 14:00:00
T00605,"Excellent service, driver was very helpful.",2024-01-13 14:30:00
T00606,"Smooth ride, arrived on time. Would recommend!",2024-01-13 15:00:00
T00607,"Safe driving, comfortable journey. Thank you!",2024-01-13 15:30:00
T00608,"Smooth ride, arrived on time. Would recommend!",2024-01-13 16:00:00
T00609,"Excellent service, driver was very helpful.",2024-01-13 16:30:00
T00610,"Excellent service, driver was very helpful.",2024-01-13 17:00:00
T00611,"Safe driving, comfortable journey. Thank you!",2024-01-13 17:30:00
T00612,"Excellent service, driver was very helpful.",2024-01-13 18:00:00
T00613,"Safe driving, comfortable journey. Thank you!",2024-01-13 18:30:00
T00614,"Excellent service, driver was very helpful.",2024-01-13 19:00:00
T00615,"Excellent service, driver was very helpful.",2024-01-13 19:30:00
T00616,"Safe driving, comfortable journey. Thank you!",2024-01-13 20:00:00
T00617,"Excellent service, driver was very helpful.",2024-01-13 20:30:00
T00618,"Excellent service, driver was very helpful.",2024-01-13 21:00:00
T00619,"Excellent service, driver was very helpful.",2024-01-13 21:30:00
T00620,"Smooth ride, arrived on time. Would recommend!",2024-01-13 22:00:00
T00621,"Great driver, very professional and courteous.",2024-01-13 22:30:00
T00622,"Smooth ride, arrived on time. Would recommend!",2024-01-13 23:00:00
T00623,"Excellent service, driver was very helpful.",2024-01-13 23:30:00
T00624,"Great driver, very professional and courteous.",2024-01-14 00:00:00
T00625,"Smooth ride, arrived on time. Would recommend!",2024-01-14 00:30:00
T00626,"Ride was okay, nothing special.",2024-01-14 01:00:00
T00627,"Smooth ride, arrived on time. Would recommend!",2024-01-14 01:30:00
T00628,"Safe driving, comfortable journey. Thank you!",2024-01-14 02:00:00
T00629,"Excellent service, driver was very helpful.",2024-01-14 02:30:00
T00630,Driver was quiet but professional.,2024-01-14 03:00:00
T00631,"Excellent service, driver was very helpful.",2024-01-14 03:30:00
T00632,"Great driver, very professional and courteous.",2024-01-14 04:00:00
T00633,"Smooth ride, arrived on time. Would recommend!",2024-01-14 04:30:00
T00634,"Excellent service, driver was very helpful.",2024-01-14 05:00:00
T00635,"Smooth ride, arrived on time. Would recommend!",2024-01-14 05:30:00
T00636,"Excellent service, driver was very helpful.",2024-01-14 06:00:00
T00637,"Smooth ride, arrived on time. Would recommend!",2024-01-14 06:30:00
T00638,"Excellent service, driver was very helpful.",2024-01-14 07:00:00
T00639,"Great driver, very professional and courteous.",2024-01-14 07:30:00
T00640,"Smooth ride, arrived on time. Would recommend!",2024-01-14 08:00:00
T00641,"Excellent service, driver was very helpful.",2024-01-14 08:30:00
T00642,"Great driver, very professional and courteous.",2024-01-14 09:00:00
T00643,"Great driver, very professional and courteous.",2024-01-14 09:30:00
T00644,"Excellent service, driver was very helpful.",2024-01-14 10:00:00
T00645,"Smooth ride, arrived on time. Would recommend!",2024-01-14 10:30:00
T00646,"Safe driving, comfortable journey. Thank you!",2024-01-14 11:00:00
T00647,"Great driver, very professional and courteous.",2024-01-14 11:30:00
T00648,"Great driver, very professional and courteous.",2024-01-14 12:00:00
T00649,"Excellent service, driver was very helpful.",2024-01-14 12:30:00
T00650,"Safe driving, comfortable journey. Thank you!",2024-01-14 13:00:00
T00651,"Safe driving, comfortable journey. Thank you!",2024-01-14 13:30:00
T00652,"Safe driving, comfortable journey. Thank you!",2024-01-14 14:00:00
T00653,"Excellent service, driver was very helpful.",2024-01-14 14:30:00
T00654,"Smooth ride, arrived on time. Would recommend!",2024-01-14 15:00:00
T00655,"Great driver, very professional and courteous.",2024-01-14 15:30:00
T00656,"Excellent service, driver was very helpful.",2024-01-14 16:00:00
T00657,"Safe driving, comfortable journey. Thank you!",2024-01-14 16:30:00
T00658,"Great driver, very professional and courteous.",2024-01-14 17:00:00
T00659,"Great driver, very professional and courteous.",2024-01-14 17:30:00
T00660,"Safe driving, comfortable journey. Thank you!",2024-01-14 18:00:00
T00661,"Safe driving, comfortable journey. Thank you!",2024-01-14 18:30:00
T00662,"Great driver, very professional and courteous.",2024-01-14 19:00:00
T00663,"Great driver, very professional and courteous.",2024-01-14 19:30:00
T00664,"Ride was okay, nothing special.",2024-01-14 20:00:00
T00665,"Smooth ride, arrived on time. Would recommend!",2024-01-14 20:30:00
T00666,"Excellent service, driver was very helpful.",2024-01-14 21:00:00
T00667,"Great driver, very professional and courteous.",2024-01-14 21:30:00
T00668,"Smooth ride, arrived on time. Would recommend!",2024-01-14 22:00:00
T00669,"Great driver, very professional and courteous.",2024-01-14 22:30:00
T00670,"Safe driving, comfortable journey. Thank you!",2024-01-14 23:00:00
T00671,"Smooth ride, arrived on time. Would recommend!",2024-01-14 23:30:00
T00672,"Safe driving, comfortable journey. Thank you!",2024-01-15 00:00:00
T00673,"Safe driving, comfortable journey. Thank you!",2024-01-15 00:30:00
T00674,"Safe driving, comfortable journey. Thank you!",2024-01-15 01:00:00
T00675,"Excellent service, driver was very helpful.",2024-01-15 01:30:00
T00676,"Safe driving, comfortable journey. Thank you!",2024-01-15 02:00:00
T00677,"Excellent service, driver was very helpful.",2024-01-15 02:30:00
T00678,"Great driver, very professional and courteous.",2024-01-15 03:00:00
T00679,"Great driver, very professional and courteous.",2024-01-15 03:30:00
T00680,"Smooth ride, arrived on time. Would recommend!",2024-01-15 04:00:00
T00681,"Smooth ride, arrived on time. Would recommend!",2024-01-15 04:30:00
T00682,"Excellent service, driver was very helpful.",2024-01-15 05:00:00
T00683,"Great driver, very professional and courteous.",2024-01-15 05:30:00
T00684,"Smooth ride, arrived on time. Would recommend!",2024-01-15 06:00:00
T00685,"Smooth ride, arrived on time. Would recommend!",2024-01-15 06:30:00
T00686,"Smooth ride, arrived on time. Would recommend!",2024-01-15 07:00:00
T00687,"Great driver, very professional and courteous.",2024-01-15 07:30:00
T00688,"Smooth ride, arrived on time. Would recommend!",2024-01-15 08:00:00
T00689,"Great driver, very professional and courteous.",2024-01-15 08:30:00
T00690,"Safe driving, comfortable journey. Thank you!",2024-01-15 09:00:00
T00691,"Safe driving, comfortable journey. Thank you!",2024-01-15 09:30:00
T00692,Driver was quiet but professional.,2024-01-15 10:00:00
T00693,"Safe driving, comfortable journey. Thank you!",2024-01-15 10:30:00
T00694,"Excellent service, driver was very helpful.",2024-01-15 11:00:00
T00695,"Great driver, very professional and courteous.",2024-01-15 11:30:00
T00696,"Smooth ride, arrived on time. Would recommend!",2024-01-15 12:00:00
T00697,"Excellent service, driver was very helpful.",2024-01-15 12:30:00
T00698,"Excellent service, driver was very helpful.",2024-01-15 13:00:00
T00699,"Safe driving, comfortable journey. Thank you!",2024-01-15 13:30:00
T00700,"Great driver, very professional and courteous.",2024-01-15 14:00:00
T00701,"Smooth ride, arrived on time. Would recommend!",2024-01-15 14:30:00
T00702,"Excellent service, driver was very helpful.",2024-01-15 15:00:00
T00703,"Smooth ride, arrived on time. Would recommend!",2024-01-15 15:30:00
T00704,"Safe driving, comfortable journey. Thank you!",2024-01-15 16:00:00
T00705,"Great driver, very professional and courteous.",2024-01-15 16:30:00
T00706,"Smooth ride, arrived on time. Would recommend!",2024-01-15 17:00:00
T00707,"Smooth ride, arrived on time. Would recommend!",2024-01-15 17:30:00
T00708,"Excellent service, driver was very helpful.",2024-01-15 18:00:00
T00709,"Smooth ride, arrived on time. Would recommend!",2024-01-15 18:30:00
T00710,"Great driver, very professional and courteous.",2024-01-15 19:00:00
T00711,"Great driver, very professional and courteous.",2024-01-15 19:30:00
T00712,"Smooth ride, arrived on time. Would recommend!",2024-01-15 20:00:00
T00713,"Excellent service, driver was very helpful.",2024-01-15 20:30:00
T00714,"Excellent service, driver was very helpful.",2024-01-15 21:00:00
T00715,"Safe driving, comfortable journey. Thank you!",2024-01-15 21:30:00
T00716,"Great driver, very professional and courteous.",2024-01-15 22:00:00
T00717,"Safe driving, comfortable journey. Thank you!",2024-01-15 22:30:00
T00718,"Excellent service, driver was very helpful.",2024-01-15 23:00:00
T00719,"Safe driving, comfortable journey. Thank you!",2024-01-15 23:30:00
T00720,"Excellent service, driver was very helpful.",2024-01-16 00:00:00
T00721,"Safe driving, comfortable journey. Thank you!",2024-01-16 00:30:00
T00722,"Safe driving, comfortable journey. Thank you!",2024-01-16 01:00:00
T00723,"Great driver, very professional and courteous.",2024-01-16 01:30:00
T00724,"Great driver, very professional and courteous.",2024-01-16 02:00:00
T00725,"Safe driving, comfortable journey. Thank you!",2024-01-16 02:30:00
T00726,"Excellent service, driver was very helpful.",2024-01-16 03:00:00
T00727,"Excellent service, driver was very helpful.",2024-01-16 03:30:00
T00728,"Great driver, very professional and courteous.",2024-01-16 04:00:00
T00729,"Great driver, very professional and courteous.",2024-01-16 04:30:00
T00730,"Smooth ride, arrived on time. Would recommend!",2024-01-16 05:00:00
T00731,"Great driver, very professional and courteous.",2024-01-16 05:30:00
T00732,"Excellent service, driver was very helpful.",2024-01-16 06:00:00
T00733,"Great driver, very professional and courteous.",2024-01-16 06:30:00
T00734,"Smooth ride, arrived on time. Would recommend!",2024-01-16 07:00:00
T00735,"Safe driving, comfortable journey. Thank you!",2024-01-16 07:30:00
T00736,"Safe driving, comfortable journey. Thank you!",2024-01-16 08:00:00
T00737,"Excellent service, driver was very helpful.",2024-01-16 08:30:00
T00738,"Smooth ride, arrived on time. Would recommend!",2024-01-16 09:00:00
T00739,"Safe driving, comfortable journey. Thank you!",2024-01-16 09:30:00
T00740,"Safe driving, comfortable journey. Thank you!",2024-01-16 10:00:00
T00741,"Great driver, very professional and courteous.",2024-01-16 10:30:00
T00742,"Safe driving, comfortable journey. Thank you!",2024-01-16 11:00:00
T00743,"Excellent service, driver was very helpful.",2024-01-16 11:30:00
T00744,"Safe driving, comfortable journey. Thank you!",2024-01-16 12:00:00
T00745,"Excellent service, driver was very helpful.",2024-01-16 12:30:00
T00746,"Excellent service, driver was very helpful.",2024-01-16 13:00:00
T00747,"Great driver, very professional and courteous.",2024-01-16 13:30:00
T00748,"Smooth ride, arrived on time. Would recommend!",2024-01-16 14:00:00
T00749,"Excellent service, driver was very helpful.",2024-01-16 14:30:00
T00750,"Safe driving, comfortable journey. Thank you!",2024-01-16 15:00:00
T00751,"Safe driving, comfortable journey. Thank you!",2024-01-16 15:30:00
T00752,"Excellent service, driver was very helpful.",2024-01-16 16:00:00
T00753,"Safe driving, comfortable journey. Thank you!",2024-01-16 16:30:00
T00754,"Great driver, very professional and courteous.",2024-01-16 17:00:00
T00755,"Safe driving, comfortable journey. Thank you!",2024-01-16 17:30:00
T00756,"Great driver, very professional and courteous.",2024-01-16 18:00:00
T00757,"Excellent service, driver was very helpful.",2024-01-16 18:30:00
T00758,"Excellent service, driver was very helpful.",2024-01-16 19:00:00
T00759,"Excellent service, driver was very helpful.",2024-01-16 19:30:00
T00760,"Great driver, very professional and courteous.",2024-01-16 20:00:00
T00761,"Safe driving, comfortable journey. Thank you!",2024-01-16 20:30:00
T00762,"Great driver, very professional and courteous.",2024-01-16 21:00:00
T00763,"Safe driving, comfortable journey. Thank you!",2024-01-16 21:30:00
T00764,"Safe driving, comfortable journey. Thank you!",2024-01-16 22:00:00
T00765,"Great driver, very professional and courteous.",2024-01-16 22:30:00
T00766,"Smooth ride, arrived on time. Would recommend!",2024-01-16 23:00:00
T00767,"Excellent service, driver was very helpful.",2024-01-16 23:30:00
T00768,"Safe driving, comfortable journey. Thank you!",2024-01-17 00:00:00
T00769,"Safe driving, comfortable journey. Thank you!",2024-01-17 00:30:00
T00770,"Great driver, very professional and courteous.",2024-01-17 01:00:00
T00771,"Smooth ride, arrived on time. Would recommend!",2024-01-17 01:30:00
T00772,"Excellent service, driver was very helpful.",2024-01-17 02:00:00
T00773,"Smooth ride, arrived on time. Would recommend!",2024-01-17 02:30:00
T00774,"Excellent service, driver was very helpful.",2024-01-17 03:00:00
T00775,"Safe driving, comfortable journey. Thank you!",2024-01-17 03:30:00
T00776,"Safe driving, comfortable journey. Thank you!",2024-01-17 04:00:00
T00777,"Great driver, very professional and courteous.",2024-01-17 04:30:00
T00778,"Great driver, very professional and courteous.",2024-01-17 05:00:00
T00779,"Smooth ride, arrived on time. Would recommend!",2024-01-17 05:30:00
T00780,"Smooth ride, arrived on time. Would recommend!",2024-01-17 06:00:00
T00781,"Excellent service, driver was very helpful.",2024-01-17 06:30:00
T00782,"Great driver, very professional and courteous.",2024-01-17 07:00:00
T00783,"Safe driving, comfortable journey. Thank you!",2024-01-17 07:30:00
T00784,"Great driver, very professional and courteous.",2024-01-17 08:00:00
T00785,"Smooth ride, arrived on time. Would recommend!",2024-01-17 08:30:00
T00786,"Great driver, very professional and courteous.",2024-01-17 09:00:00
T00787,"Safe driving, comfortable journey. Thank you!",2024-01-17 09:30:00
T00788,"Great driver, very professional and courteous.",2024-01-17 10:00:00
T00789,"Smooth ride, arrived on time. Would recommend!",2024-01-17 10:30:00
T00790,"Safe driving, comfortable journey. Thank you!",2024-01-17 11:00:00
T00791,"Excellent service, driver was very helpful.",2024-01-17 11:30:00
T00792,"Excellent service, driver was very helpful.",2024-01-17 12:00:00
T00793,"Safe driving, comfortable journey. Thank you!",2024-01-17 12:30:00
T00794,"Safe driving, comfortable journey. Thank you!",2024-01-17 13:00:00
T00795,"Safe driving, comfortable journey. Thank you!",2024-01-17 13:30:00
T00796,"Smooth ride, arrived on time. Would recommend!",2024-01-17 14:00:00
T00797,"Safe driving, comfortable journey. Thank you!",2024-01-17 14:30:00
T00798,"Smooth ride, arrived on time. Would recommend!",2024-01-17 15:00:00
T00799,"Safe driving, comfortable journey. Thank you!",2024-01-17 15:30:00
T00800,"Smooth ride, arrived on time. Would recommend!",2024-01-17 16:00:00
T00801,"Smooth ride, arrived on time. Would recommend!",2024-01-17 16:30:00
T00802,"Great driver, very professional and courteous.",2024-01-17 17:00:00
T00803,"Excellent service, driver was very helpful.",2024-01-17 17:30:00
T00804,"Safe driving, comfortable journey. Thank you!",2024-01-17 18:00:00
T00805,"Excellent service, driver was very helpful.",2024-01-17 18:30:00
T00806,"Excellent service, driver was very helpful.",2024-01-17 19:00:00
T00807,"Great driver, very professional and courteous.",2024-01-17 19:30:00
T00808,"Excellent service, driver was very helpful.",2024-01-17 20:00:00
T00809,"Excellent service, driver was very helpful.",2024-01-17 20:30:00
T00810,"Safe driving, comfortable journey. Thank you!",2024-01-17 21:00:00
T00811,"Smooth ride, arrived on time. Would recommend!",2024-01-17 21:30:00
T00812,"Safe driving, comfortable journey. Thank you!",2024-01-17 22:00:00
T00813,Driver was quiet but professional.,2024-01-17 22:30:00
T00814,"Safe driving, comfortable journey. Thank you!",2024-01-17 23:00:00
T00815,"Excellent service, driver was very helpful.",2024-01-17 23:30:00
T00816,"Excellent service, driver was very helpful.",2024-01-18 00:00:00
T00817,"Safe driving, comfortable journey. Thank you!",2024-01-18 00:30:00
T00818,"Safe driving, comfortable journey. Thank you!",2024-01-18 01:00:00
T00819,"Excellent service, driver was very helpful.",2024-01-18 01:30:00
T00820,"Smooth ride, arrived on time. Would recommend!",2024-01-18 02:00:00
T00821,"Smooth ride, arrived on time. Would recommend!",2024-01-18 02:30:00
T00822,"Safe driving, comfortable journey. Thank you!",2024-01-18 03:00:00
T00823,"Smooth ride, arrived on time. Would recommend!",2024-01-18 03:30:00
T00824,"Safe driving, comfortable journey. Thank you!",2024-01-18 04:00:00
T00825,"Great driver, very professional and courteous.",2024-01-18 04:30:00
T00826,"Excellent service, driver was very helpful.",2024-01-18 05:00:00
T00827,"Safe driving, comfortable journey. Thank you!",2024-01-18 05:30:00
T00828,"Safe driving, comfortable journey. Thank you!",2024-01-18 06:00:00
T00829,"Safe driving, comfortable journey. Thank you!",2024-01-18 06:30:00
T00830,"Smooth ride, arrived on time. Would recommend!",2024-01-18 07:00:00
T00831,"Safe driving, comfortable journey. Thank you!",2024-01-18 07:30:00
T00832,"Great driver, very professional and courteous.",2024-01-18 08:00:00
T00833,"Smooth ride, arrived on time. Would recommend!",2024-01-18 08:30:00
T00834,"Excellent service, driver was very helpful.",2024-01-18 09:00:00
T00835,"Great driver, very professional and courteous.",2024-01-18 09:30:00
T00836,"Safe driving, comfortable journey. Thank you!",2024-01-18 10:00:00
T00837,"Great driver, very professional and courteous.",2024-01-18 10:30:00
T00838,"Safe driving, comfortable journey. Thank you!",2024-01-18 11:00:00
T00839,"Great driver, very professional and courteous.",2024-01-18 11:30:00
T00840,"Smooth ride, arrived on time. Would recommend!",2024-01-18 12:00:00
T00841,"Safe driving, comfortable journey. Thank you!",2024-01-18 12:30:00
T00842,"Smooth ride, arrived on time. Would recommend!",2024-01-18 13:00:00
T00843,"Great driver, very professional and courteous.",2024-01-18 13:30:00
T00844,"Safe driving, comfortable journey. Thank you!",2024-01-18 14:00:00
T00845,"Excellent service, driver was very helpful.",2024-01-18 14:30:00
T00846,"Excellent service, driver was very helpful.",2024-01-18 15:00:00
T00847,"Safe driving, comfortable journey. Thank you!",2024-01-18 15:30:00
T00848,"Great driver, very professional and courteous.",2024-01-18 16:00:00
T00849,"Excellent service, driver was very helpful.",2024-01-18 16:30:00
T00850,"Safe driving, comfortable journey. Thank you!",2024-01-18 17:00:00
T00851,"Excellent service, driver was very helpful.",2024-01-18 17:30:00
T00852,"Safe driving, comfortable journey. Thank you!",2024-01-18 18:00:00
T00853,"Great driver, very professional and courteous.",2024-01-18 18:30:00
T00854,"Great driver, very professional and courteous.",2024-01-18 19:00:00
T00855,"Smooth ride, arrived on time. Would recommend!",2024-01-18 19:30:00
T00856,"Excellent service, driver was very helpful.",2024-01-18 20:00:00
T00857,"Smooth ride, arrived on time. Would recommend!",2024-01-18 20:30:00
T00858,"Great driver, very professional and courteous.",2024-01-18 21:00:00
T00859,"Safe driving, comfortable journey. Thank you!",2024-01-18 21:30:00
T00860,"Great driver, very professional and courteous.",2024-01-18 22:00:00
T00861,"Great driver, very professional and courteous.",2024-01-18 22:30:00
T00862,"Safe driving, comfortable journey. Thank you!",2024-01-18 23:00:00
T00863,"Smooth ride, arrived on time. Would recommend!",2024-01-18 23:30:00
T00864,"Excellent service, driver was very helpful.",2024-01-19 00:00:00
T00865,"Great driver, very professional and courteous.",2024-01-19 00:30:00
T00866,"Great driver, very professional and courteous.",2024-01-19 01:00:00
T00867,"Excellent service, driver was very helpful.",2024-01-19 01:30:00
T00868,"Great driver, very professional and courteous.",2024-01-19 02:00:00
T00869,"Excellent service, driver was very helpful.",2024-01-19 02:30:00
T00870,"Excellent service, driver was very helpful.",2024-01-19 03:00:00
T00871,"Excellent service, driver was very helpful.",2024-01-19 03:30:00
T00872,"Safe driving, comfortable journey. Thank you!",2024-01-19 04:00:00
T00873,"Smooth ride, arrived on time. Would recommend!",2024-01-19 04:30:00
T00874,"Smooth ride, arrived on time. Would recommend!",2024-01-19 05:00:00
T00875,"Safe driving, comfortable journey. Thank you!",2024-01-19 05:30:00
T00876,"Smooth ride, arrived on time. Would recommend!",2024-01-19 06:00:00
T00877,"Smooth ride, arrived on time. Would recommend!",2024-01-19 06:30:00
T00878,"Smooth ride, arrived on time. Would recommend!",2024-01-19 07:00:00
T00879,"Great driver, very professional and courteous.",2024-01-19 07:30:00
T00880,"Safe driving, comfortable journey. Thank you!",2024-01-19 08:00:00
T00881,Driver was quiet but professional.,2024-01-19 08:30:00
T00882,"Smooth ride, arrived on time. Would recommend!",2024-01-19 09:00:00
T00883,"Safe driving, comfortable journey. Thank you!",2024-01-19 09:30:00
T00884,"Smooth ride, arrived on time. Would recommend!",2024-01-19 10:00:00
T00885,"Smooth ride, arrived on time. Would recommend!",2024-01-19 10:30:00
T00886,"Safe driving, comfortable journey. Thank you!",2024-01-19 11:00:00
T00887,"Excellent service, driver was very helpful.",2024-01-19 11:30:00
T00888,"Safe driving, comfortable journey. Thank you!",2024-01-19 12:00:00
T00889,"Excellent service, driver was very helpful.",2024-01-19 12:30:00
T00890,"Great driver, very professional and courteous.",2024-01-19 13:00:00
T00891,"Safe driving, comfortable journey. Thank you!",2024-01-19 13:30:00
T00892,"Excellent service, driver was very helpful.",2024-01-19 14:00:00
T00893,"Smooth ride, arrived on time. Would recommend!",2024-01-19 14:30:00
T00894,"Great driver, very professional and courteous.",2024-01-19 15:00:00
T00895,"Safe driving, comfortable journey. Thank you!",2024-01-19 15:30:00
T00896,"Excellent service, driver was very helpful.",2024-01-19 16:00:00
T00897,"Excellent service, driver was very helpful.",2024-01-19 16:30:00
T00898,"Safe driving, comfortable journey. Thank you!",2024-01-19 17:00:00
T00899,"Excellent service, driver was very helpful.",2024-01-19 17:30:00
T00900,"Safe driving, comfortable journey. Thank you!",2024-01-19 18:00:00
T00901,"Excellent service, driver was very helpful.",2024-01-19 18:30:00
T00902,"Smooth ride, arrived on time. Would recommend!",2024-01-19 19:00:00
T00903,"Safe driving, comfortable journey. Thank you!",2024-01-19 19:30:00
T00904,"Safe driving, comfortable journey. Thank you!",2024-01-19 20:00:00
T00905,"Great driver, very professional and courteous.",2024-01-19 20:30:00
T00906,"Smooth ride, arrived on time. Would recommend!",2024-01-19 21:00:00
T00907,"Safe driving, comfortable journey. Thank you!",2024-01-19 21:30:00
T00908,"Excellent service, driver was very helpful.",2024-01-19 22:00:00
T00909,"Excellent service, driver was very helpful.",2024-01-19 22:30:00
T00910,"Excellent service, driver was very helpful.",2024-01-19 23:00:00
T00911,"Great driver, very professional and courteous.",2024-01-19 23:30:00
T00912,"Safe driving, comfortable journey. Thank you!",2024-01-20 00:00:00
T00913,"Excellent service, driver was very helpful.",2024-01-20 00:30:00
T00914,"Great driver, very professional and courteous.",2024-01-20 01:00:00
T00915,"Great driver, very professional and courteous.",2024-01-20 01:30:00
T00916,"Safe driving, comfortable journey. Thank you!",2024-01-20 02:00:00
T00917,"Excellent service, driver was very helpful.",2024-01-20 02:30:00
T00918,"Smooth ride, arrived on time. Would recommend!",2024-01-20 03:00:00
T00919,"Excellent service, driver was very helpful.",2024-01-20 03:30:00
T00920,"Smooth ride, arrived on time. Would recommend!",2024-01-20 04:00:00
T00921,"Smooth ride, arrived on time. Would recommend!",2024-01-20 04:30:00
T00922,"Excellent service, driver was very helpful.",2024-01-20 05:00:00
T00923,"Smooth ride, arrived on time. Would recommend!",2024-01-20 05:30:00
T00924,"Great driver, very professional and courteous.",2024-01-20 06:00:00
T00925,"Great driver, very professional and courteous.",2024-01-20 06:30:00
T00926,"Excellent service, driver was very helpful.",2024-01-20 07:00:00
T00927,"Safe driving, comfortable journey. Thank you!",2024-01-20 07:30:00
T00928,"Great driver, very professional and courteous.",2024-01-20 08:00:00
T00929,"Excellent service, driver was very helpful.",2024-01-20 08:30:00
T00930,"Smooth ride, arrived on time. Would recommend!",2024-01-20 09:00:00
T00931,"Great driver, very professional and courteous.",2024-01-20 09:30:00
T00932,"Excellent service, driver was very helpful.",2024-01-20 10:00:00
T00933,"Excellent service, driver was very helpful.",2024-01-20 10:30:00
T00934,"Safe driving, comfortable journey. Thank you!",2024-01-20 11:00:00
T00935,"Smooth ride, arrived on time. Would recommend!",2024-01-20 11:30:00
T00936,"Smooth ride, arrived on time. Would recommend!",2024-01-20 12:00:00
T00937,"Smooth ride, arrived on time. Would recommend!",2024-01-20 12:30:00
T00938,"Excellent service, driver was very helpful.",2024-01-20 13:00:00
T00939,"Excellent service, driver was very helpful.",2024-01-20 13:30:00
T00940,"Smooth ride, arrived on time. Would recommend!",2024-01-20 14:00:00
T00941,"Excellent service, driver was very helpful.",2024-01-20 14:30:00
T00942,"Safe driving, comfortable journey. Thank you!",2024-01-20 15:00:00
T00943,"Excellent service, driver was very helpful.",2024-01-20 15:30:00
T00944,"Excellent service, driver was very helpful.",2024-01-20 16:00:00
T00945,"Great driver, very professional and courteous.",2024-01-20 16:30:00
T00946,"Safe driving, comfortable journey. Thank you!",2024-01-20 17:00:00
T00947,"Great driver, very professional and courteous.",2024-01-20 17:30:00
T00948,"Smooth ride, arrived on time. Would recommend!",2024-01-20 18:00:00
T00949,"Smooth ride, arrived on time. Would recommend!",2024-01-20 18:30:00
T00950,"Safe driving, comfortable journey. Thank you!",2024-01-20 19:00:00
T00951,"Excellent service, driver was very helpful.",2024-01-20 19:30:00
T00952,"Great driver, very professional and courteous.",2024-01-20 20:00:00
T00953,"Safe driving, comfortable journey. Thank you!",2024-01-20 20:30:00
T00954,"Great driver, very professional and courteous.",2024-01-20 21:00:00
T00955,"Excellent service, driver was very helpful.",2024-01-20 21:30:00
T00956,"Great driver, very professional and courteous.",2024-01-20 22:00:00
T00957,"Safe driving, comfortable journey. Thank you!",2024-01-20 22:30:00
T00958,"Excellent service, driver was very helpful.",2024-01-20 23:00:00
T00959,"Excellent service, driver was very helpful.",2024-01-20 23:30:00
T00960,"Safe driving, comfortable journey. Thank you!",2024-01-21 00:00:00
T00961,"Excellent service, driver was very helpful.",2024-01-21 00:30:00
T00962,"Great driver, very professional and courteous.",2024-01-21 01:00:00
T00963,"Smooth ride, arrived on time. Would recommend!",2024-01-21 01:30:00
T00964,"Safe driving, comfortable journey. Thank you!",2024-01-21 02:00:00
T00965,"Great driver, very professional and courteous.",2024-01-21 02:30:00
T00966,"Excellent service, driver was very helpful.",2024-01-21 03:00:00
T00967,"Smooth ride, arrived on time. Would recommend!",2024-01-21 03:30:00
T00968,"Great driver, very professional and courteous.",2024-01-21 04:00:00
T00969,"Safe driving, comfortable journey. Thank you!",2024-01-21 04:30:00
T00970,"Excellent service, driver was very helpful.",2024-01-21 05:00:00
T00971,"Safe driving, comfortable journey. Thank you!",2024-01-21 05:30:00
T00972,"Great driver, very professional and courteous.",2024-01-21 06:00:00
T00973,"Smooth ride, arrived on time. Would recommend!",2024-01-21 06:30:00
T00974,"Great driver, very professional and courteous.",2024-01-21 07:00:00
T00975,"Great driver, very professional and courteous.",2024-01-21 07:30:00
T00976,"Excellent service, driver was very helpful.",2024-01-21 08:00:00
T00977,"Safe driving, comfortable journey. Thank you!",2024-01-21 08:30:00
T00978,"Great driver, very professional and courteous.",2024-01-21 09:00:00
T00979,"Great driver, very professional and courteous.",2024-01-21 09:30:00
T00980,"Smooth ride, arrived on time. Would recommend!",2024-01-21 10:00:00
T00981,"Smooth ride, arrived on time. Would recommend!",2024-01-21 10:30:00
T00982,"Safe driving, comfortable journey. Thank you!",2024-01-21 11:00:00
T00983,"Safe driving, comfortable journey. Thank you!",2024-01-21 11:30:00
T00984,"Excellent service, driver was very helpful.",2024-01-21 12:00:00
T00985,"Safe driving, comfortable journey. Thank you!",2024-01-21 12:30:00
T00986,"Smooth ride, arrived on time. Would recommend!",2024-01-21 13:00:00
T00987,"Safe driving, comfortable journey. Thank you!",2024-01-21 13:30:00
T00988,"Great driver, very professional and courteous.",2024-01-21 14:00:00
T00989,"Safe driving, comfortable journey. Thank you!",2024-01-21 14:30:00
T00990,"Safe driving, comfortable journey. Thank you!",2024-01-21 15:00:00
T00991,"Excellent service, driver was very helpful.",2024-01-21 15:30:00
T00992,"Great driver, very professional and courteous.",2024-01-21 16:00:00
T00993,"Excellent service, driver was very helpful.",2024-01-21 16:30:00
T00994,"Ride was okay, nothing special.",2024-01-21 17:00:00
T00995,"Safe driving, comfortable journey. Thank you!",2024-01-21 17:30:00
T00996,"Safe driving, comfortable journey. Thank you!",2024-01-21 18:00:00
T00997,"Smooth ride, arrived on time. Would recommend!",2024-01-21 18:30:00
T00998,"Excellent service, driver was very helpful.",2024-01-21 19:00:00
T00999,"Great driver, very professional and courteous.",2024-01-21 19:30:00
